id_feed;code_feed;media_name;language;country;media_code;type_feed;periodicity;url_media;url_feed;date_first_item;active_feed;date_last_item
23409;fr_FRA_20minu_une;20 minutes;fr;FRA;20minu;Une;quotidien;http://www.20minutes.fr;http://www.20minutes.fr/rss/une.xml;23/12/2013;t;
10144558;ar_EGY_alahra_une;Al-Ahram;ar;EGY;alahra;Une;quotidien;http://www.ahram.org.eg/;http://www.ahram.org.eg/archive/RssXml.aspx?CategoryID=25;16/10/2015;t;
10144554;ar_EGY_alahra_int;Al-Ahram;ar;EGY;alahra;International;quotidien;http://www.ahram.org.eg/;http://www.ahram.org.eg/archive/RssXml.aspx?CategoryID=2;16/10/2015;t;
10146395;ar_ARE_albaya_int;Al Bayan;ar;ARE;albaya;International;quotidien;http://www.albayan.ae/;http://www.albayan.ae/1.450?ot=ot.AjaxPageLayout;16/10/2015;t;
10146417;ar_ARE_albaya_brn;Al Bayan;ar;ARE;albaya;Breaking news;quotidien;http://www.albayan.ae/;http://www.albayan.ae/1.446?ot=ot.AjaxPageLayout;16/10/2015;t;
10144492;ar_QAT_aljaze_gen;Al Jazeera;ar;QAT;aljaze;General;quotidien;http://www.aljazeera.net/portal;http://www.aljazeera.net/aljazeerarss/3c66e3fb-a5e0-4790-91be-ddb05ec17198/4e9f594a-03af-4696-ab98-880c58cd6718;16/10/2015;t;
10144402;ar_QAT_aljaze_int;Al Jazeera;ar;QAT;aljaze;International;quotidien;http://www.aljazeera.net/portal;http://www.aljazeera.net/aljazeerarss/47e851f7-db55-45b6-8d9b-d54055bec967/0b6b9876-62a7-46b4-be20-8b77d302f9d7;16/10/2015;t;
74;en_XX _africa_gen;All Africa;en;XX ;africa;General;quotidien;http://allafrica.com/;http://allafrica.com/tools/headlines/rdf/angola/headlines.rdf;19/12/2013;t;
510;en_BLZ_amanda_gen;Amandala;en;BLZ;amanda;General;quotidien;http://amandala.com.bz/;http://amandala.com.bz/news/feed/;19/12/2013;t;
79;en_SAU_arabnw_int;Arab news;en;SAU;arabnw;International;quotidien;http://www.arabnews.com;http://www.arabnews.com/cat/3/rss.xml;19/12/2013;t;
78;en_SAU_arabnw_une;Arab news;en;SAU;arabnw;Une;quotidien;http://www.arabnews.com;http://www.arabnews.com/rss.xml;19/12/2013;t;
1027776;en_KWT_arabti_int;Arab Times Kuwait;en;KWT;arabti;International;quotidien;http://www.arabtimesonline.com/;http://www.arabtimesonline.com/DesktopModules/DNNArticle/DNNArticleRSS.aspx?moduleid=414&tabid=69&categoryid=51;16/04/2014;f;29/04/2015
16985;en_KWT_arabti_une;Arab Times Kuwait;en;KWT;arabti;Une;quotidien;http://www.arabtimesonline.com/;http://www.arabtimesonline.com/DesktopModules/DNNArticle/DNNArticleRSS.aspx?moduleidx3d-1x26tabidx3d69x26categoryidx3d-1;20/12/2013;f;30/04/2015
87;en_ARM_aravot_gen;Aravot (Morning);en;ARM;aravot;General;quotidien;http://en.aravot.am;http://en.aravot.am/feed/;19/12/2013;t;
85;en_ARG_argind_uni;argentina independent;en;ARG;argind;Unique;mensuel;http://www.argentinaindependent.com;http://www.argentinaindependent.com/feed/;19/12/2013;t;
939341;en_JPN_asahis_uni;Asahi Shimbun;en;JPN;asahis;Unique;quotidien;http://ajw.asahi.com/?iref=comtop_footer;http://ajw.asahi.com/feed/;08/04/2014;t;
148;en_AUT_austim_gen;Austrian Times;en;AUT;austim;General;quotidien;http://austriantimes.at/;http://www.austriantimes.at/RSS-Feed/onobase/generatedRssXMLs/news.xml;19/12/2013;f;11/05/2015
950496;en_THA_bangko_brn;Bangkok Post;en;THA;bangko;Breaking news;quotidien;http://www.bangkokpost.com;http://www.bangkokpost.com/rss/data/breakingnews.xml;09/04/2014;t;
512;en_BTN_bhutan_uni;Bhutan Observer;en;BTN;bhutan;Unique;quotidien;http://bhutanobserver.bt/;http://bhutanobserver.bt/rss.aspx;19/12/2013;t;
1125;en_BRN_borneo_brn;Borneo Bulletin;en;BRN;borneo;Breaking news;quotidien;http://borneobulletin.brunei-online.com/;http://borneobulletin.com.bn/feed/;19/12/2013;t;
853244;pt_BRA_defato_int;Brasil de Fato;pt;BRA;defato;International;hebdomadaire;http://www.brasildefato.com.br;http://www.brasildefato.com.br/rss_internacional;31/03/2014;t;
83;en_ARG_bueair_uni;Buenos Aires Herald;en;ARG;bueair;Unique;quotidien;http://www.buenosairesherald.com;http://www.buenosairesherald.com/articles/rss.aspx;19/12/2013;t;
853259;pt_BRA_cartac_int;Carta Capital;pt;BRA;cartac;International;hebdomadaire;http://www.cartacapital.com.br/;http://www.cartacapital.com.br/internacional/internacional/atom.xml;31/03/2014;t;
853276;pt_BRA_cartac_brn;Carta Capital;pt;BRA;cartac;Breaking news;hebdomadaire;http://www.cartacapital.com.br/;http://www.cartacapital.com.br/atom.xml;03/04/2014;t;
9841;en_CHN_chinad_int;China Daily;en;CHN;chinad;International;quotidien;http://www.chinadaily.com.cn;http://www.chinadaily.com.cn/rss/world_rss.xml;19/12/2013;t;
15973;en_ZWE_chroni_int;Chronicle;en;ZWE;chroni;International;quotidien;http://www.chronicle.co.zw;http://www.chronicle.co.zw/category/s6-demo-section/c45-international-news/feed/;21/01/2014;t;
15971;en_ZWE_chroni_gen;Chronicle;en;ZWE;chroni;General;quotidien;http://www.chronicle.co.zw;http://www.chronicle.co.zw/feed/;21/01/2014;t;
852164;pt_BRA_corrio_int;Corrieo Braziliense;pt;BRA;corrio;International;quotidien;http://www.correiobraziliense.com.br;http://www.correiobraziliense.com.br/rss/noticia/mundo/rss.xml;31/03/2014;t;
1049427;it_ITA_corrie_int;Corriere della Sera;it;ITA;corrie;International;quotidien;http://www.corriere.it/;http://xml.corriereobjects.it/rss/esteri.xml;17/04/2014;t;
156625;it_ITA_corrie_gen;Corriere della Sera;it;ITA;corrie;General;quotidien;http://www.corriere.it/;http://www.corriere.it/rss/homepage.xml;14/01/2014;t;
9863;en_CYP_cyprus_uni;Cyprus Mail;en;CYP;cyprus;Unique;quotidien;http://cyprus-mail.com/;http://cyprus-mail.com/feed/;19/12/2013;t;
853310;pt_BRA_daglob_int;Da Globo;pt;BRA;daglob;International;quotidien;http://www.globo.com/;http://g1.globo.com/dynamo/mundo/rss2.xml;31/03/2014;t;
16108;en_GBR_dailym_brn;Daily Mail;en;GBR;dailym;Breaking news;quotidien;http://www.dailymail.co.uk/home/index.html;http://www.dailymail.co.uk/news/index.rss;20/12/2013;t;
1049913;en_GBR_dailym_gen;Daily Mail;en;GBR;dailym;General;quotidien;http://www.dailymail.co.uk/home/index.html;http://www.dailymail.co.uk/home/index.rss;16/04/2014;t;
16255;en_UGA_dailmo_int;Daily Monitor;en;UGA;dailmo;International;quotidien;http://www.monitor.co.ug;http://www.monitor.co.ug/News/World/-/688340/688340/-/view/asFeed/-/4xcc6sz/-/index.xml;20/12/2013;t;
16257;en_UGA_dailmo_brn;Daily Monitor;en;UGA;dailmo;Breaking news;quotidien;http://www.monitor.co.ug;http://www.monitor.co.ug/News/-/688324/688324/-/view/asFeed/-/wiq989/-/index.xml;20/12/2013;t;
1050175;en_UGA_dailmo_gen;Daily Monitor;en;UGA;dailmo;General;quotidien;http://www.monitor.co.ug;http://www.monitor.co.ug/-/691150/691150/-/view/asFeed/-/11emxavz/-/index.xml;16/04/2014;t;
76;en_ATG_dailyo_gen;Daily Observer;en;ATG;dailyo;General;quotidien;http://www.antiguaobserver.com;http://www.antiguaobserver.com/feed/;19/12/2013;t;
1054781;en_ATG_dailyo_int;Daily Observer;en;ATG;dailyo;International;quotidien;http://www.antiguaobserver.com;http://www.antiguaobserver.com/?cat=8&feed=rss2;15/04/2014;t;
89;en_GBR_dailyt_int;Daily telegraph;en;GBR;dailyt;International;quotidien;http://www.telegraph.co.uk/;http://www.telegraph.co.uk/news/worldnews/rss;19/12/2013;t;
131;en_AUS_dteleg_brn;Daily Telegraph (AUS);en;AUS;dteleg;Breaking news;quotidien;http://www.dailytelegraph.com.au/;http://feeds.news.com.au/public/rss/2.0/dtele_breaking_news_199.xml;19/12/2013;t;
9531;en_AUS_dteleg_int;Daily Telegraph (AUS);en;AUS;dteleg;International;quotidien;http://www.dailytelegraph.com.au/;http://feeds.news.com.au/public/rss/2.0/dtele_world_news_204.xml;19/12/2013;t;
766652;es_ESP_deiaxx_une;DEIA;es;ESP;deiaxx;Une;quotidien;http://www.deia.com/;http://www.deia.com/index.php/services/rss;21/03/2014;t;
766664;es_ESP_deiaxx_int;DEIA;es;ESP;deiaxx;International;quotidien;http://www.deia.com/;http://www.deia.com/index.php/services/rss?seccion=mundo;21/03/2014;t;
1056291;fr_BEL_derheu_int;Dernière Heure;fr;BEL;derheu;International;quotidien;http://www.dhnet.be/;http://www.dhnet.be/rss/section/actu/monde.xml;12/04/2014;t;
164;fr_BEL_derheu_une;Dernière Heure;fr;BEL;derheu;Une;quotidien;http://www.dhnet.be/;http://www.dhnet.be/rss;19/12/2013;t;
23406;fr_FRA_dernou_gen;Dernières Nouvelles d'Alsace;fr;FRA;dernou;General;quotidien;http://www.dna.fr;http://www.dna.fr/rss;23/12/2013;t;
1056302;fr_FRA_dernou_int;Dernières Nouvelles d'Alsace;fr;FRA;dernou;International;quotidien;http://www.dna.fr;http://www.dna.fr/actualite/france-monde/rss;17/04/2014;t;
72;ca_AND_diaria_uni;Diari d'Andorra;ca;AND;diaria;Unique;quotidien;http://www.diariandorra.ad;http://www.diariandorra.ad/nXml/nXml.php;19/12/2013;t;
766700;es_ESP_mallor_int;Diario de Mallorca;es;ESP;mallor;International;quotidien;http://www.diariodemallorca.es/;http://www.diariodemallorca.es/elementosInt/rss/7;21/03/2014;t;
852184;pt_BRA_nordes_int;Diario do Nordeste;pt;BRA;nordes;International;quotidien;http://diariodonordeste.verdesmares.com.br/;http://diariodonordeste.verdesmares.com.br/feed/internacional-1.784447;31/03/2014;t;
852206;pt_BRA_nordes_brn;Diario do Nordeste;pt;BRA;nordes;Breaking news;quotidien;http://diariodonordeste.verdesmares.com.br/;http://diariodonordeste.verdesmares.com.br/feed/ultima-hora-1.784440;31/03/2014;t;
1466307;de_DEU_tagesz_gen;Die Tageszeitung (taz);de;DEU;tagesz;General;quotidien;http://www.taz.de;"http://www.taz.de/!p4608;rss/";02/05/2014;t;
1466254;de_DEU_diewel_int;Die Welt;de;DEU;diewel;International;quotidien;http://www.welt.de;http://www.welt.de/politik/ausland/?service=Rss;02/05/2014;t;
1466289;de_DEU_diewel_gen;Die Welt;de;DEU;diewel;General;quotidien;http://www.welt.de;http://www.welt.de/?service=Rss;02/05/2014;t;
766727;es_ESP_confid_int;El Confidencial;es;ESP;confid;International;pure-player;http://www.elconfidencial.com/;http://rss.elconfidencial.com/mundo/;21/03/2014;t;
4285488;es_BOL_eldebe_uni;El deber;es;BOL;eldebe;Unique;quotidien;http://www.eldeber.com.bo/;http://www.eldeber.com.bo/rss/;13/01/2015;t;
744238;es_BOL_eldebe_int;El deber;es;BOL;eldebe;International;quotidien;http://www.eldeber.com.bo/;http://www.eldeber.com.bo/rss/internacional.php;19/03/2014;f;04/10/2014
744192;es_BOL_eldebe_brn;El deber;es;BOL;eldebe;Breaking news;quotidien;http://www.eldeber.com.bo/;http://www.eldeber.com.bo/rss/ultimas-noticias.php;19/03/2014;f;04/10/2014
756253;es_BOL_ldiari_une;El Diario (Bol);es;BOL;ldiari;Une;quotidien;http://www.eldiario.net/;http://rss.eldiario.net/index.php;20/03/2014;t;
763272;es_MEX_diamex_int;El Diario (mex);es;MEX;diamex;International;quotidien;http://www.diario.com.mx/;http://diario.mx/RSS/Internacional;21/03/2014;t;
763244;es_MEX_Inform_int;El Informador;es;MEX;Inform;International;quotidien;http://www.informador.com.mx;http://rss.informador.com.mx/informador-internacional?format=xml;21/03/2014;t;
10146092;ar_DZA_elkhab_brn;El khabar;ar;DZA;elkhab;Breaking news;quotidien;http://www.elkhabar.com/;http://www.elkhabar.com/feeds;16/10/2015;t;
875629;es_CHL_mercur_brn;El mercurio;es;CHL;mercur;Breaking news;quotidien;http://www.emol.com/;http://rss.emol.com/rss.asp?canal=0;02/04/2014;f;04/06/2015
875682;es_CHL_mercur_int;El mercurio;es;CHL;mercur;International;quotidien;http://www.emol.com/;http://rss.emol.com/rss.asp?canal=2;02/04/2014;f;04/06/2015
66;fr_DZA_elmoud_gen;El Moudjahid;fr;DZA;elmoud;General;quotidien;http://www.elmoudjahid.com/;http://feeds.feedburner.com/ElmoudjahidFlash?format=xml;19/12/2013;t;
875053;es_VEN_lmundo_une;El Mundo;es;VEN;lmundo;Une;quotidien;http://www.elmundo.com.ve/;http://www.elmundo.com.ve/CMSPages/rsssources/emenactualidad.aspx;02/04/2014;t;
873799;es_VEN_nation_uni;El National;es;VEN;nation;Unique;quotidien;http://www.el-nacional.com/;http://www.el-nacional.com/rss/;15/04/2014;t;
766466;es_ESP_elpais_int;El Pais;es;ESP;elpais;International;quotidien;http://elpais.com/;http://ep00.epimg.net/rss/internacional/portada.xml;21/03/2014;t;
1058709;es_ESP_elpais_une;El Pais;es;ESP;elpais;Une;quotidien;http://elpais.com/;http://ep00.epimg.net/rss/elpais/portada.xml;16/04/2014;t;
767233;es_ESP_aragon_int;El periodico de Aragon;es;ESP;aragon;International;quotidien;http://www.elperiodicodearagon.com/;http://www.zetaestaticos.com/aragon/rss/4_es.xml;21/03/2014;t;
767126;es_ESP_aragon_brn;El periodico de Aragon;es;ESP;aragon;Breaking news;quotidien;http://www.elperiodicodearagon.com/;http://www.zetaestaticos.com/aragon/rss/ultimahora_es.xml;21/03/2014;t;
1058980;es_ESP_aragon_une;El periodico de Aragon;es;ESP;aragon;Une;quotidien;http://www.elperiodicodearagon.com/;http://www.zetaestaticos.com/aragon/rss/portada_es.xml;16/04/2014;t;
767325;es_ESP_catalu_int;El periodico de Catalunya;es;ESP;catalu;International;quotidien;http://www.elperiodico.com/es/;http://www.elperiodico.com/es/rss/internacional/rss.xml;21/03/2014;t;
1059965;es_ESP_catalu_une;El periodico de Catalunya;es;ESP;catalu;Une;quotidien;http://www.elperiodico.com/es/;http://www.elperiodico.com/es/rss/rss_portada.xml;17/04/2014;t;
763300;es_MEX_univer_int;El Universal;es;MEX;univer;International;quotidien;http://www.eluniversal.com.mx/;http://www.eluniversal.com.mx/seccion/5/rss.xml;21/03/2014;t;
874966;es_VEN_univer_int;El Universal (VEN);es;VEN;univer;International;quotidien;http://www.eluniversal.com/;http://www.eluniversal.com/rss/int_avances.xml;02/04/2014;t;
874939;es_VEN_univer_brn;El Universal (VEN);es;VEN;univer;Breaking news;quotidien;http://www.eluniversal.com/;http://www.eluniversal.com/rss/avances.xml;02/04/2014;t;
57;fr_DZA_elwata_une;El Watan;fr;DZA;elwata;Une;quotidien;http://www.elwatan.com/;http://www.elwatan.com/actualite/rss.xml;19/12/2013;t;
58;fr_DZA_elwata_int;El Watan;fr;DZA;elwata;International;quotidien;http://www.elwatan.com/;http://www.elwatan.com/international/rss.xml;19/12/2013;t;
16234;en_ARE_emirat_une;Emirates 24-7;en;ARE;emirat;Une;quotidien;http://www.emirates247.com;http://www.emirates247.com/cmlink/en/rss-feed-gulf-news-bollywood-1.4268?ot=ot.AjaxPageLayout;20/12/2013;t;
1098866;en_ARE_emirat_int;Emirates 24-7;en;ARE;emirat;International;quotidien;http://www.emirates247.com;http://www.emirates247.com/cmlink/en/dubai-chamber-http-emirates247-com-international-1.517977?localLinksEnabled=false;08/04/2014;t;
766119;es_ESP_farode_int;Faro de vigo;es;ESP;farode;International;quotidien;http://www.farodevigo.es/;http://www.farodevigo.es/elementosInt/rss/7;21/03/2014;t;
16097;en_GBR_finati_int;Financial Times;en;GBR;finati;International;quotidien;http://www.ft.com;http://www.ft.com/rss/world;20/12/2013;t;
16099;en_GBR_finati_gen;Financial Times;en;GBR;finati;General;quotidien;http://www.ft.com;http://www.ft.com/rss/home/uk;20/12/2013;t;
1099831;pt_BRA_folhas_brn;Folha de S. Paulo;pt;BRA;folhas;Breaking news;quotidien;http://www1.folha.uol.com.br/;http://feeds.folha.uol.com.br/emcimadahora/rss091.xml;18/04/2014;t;
1100956;pt_BRA_folhas_int;Folha de S. Paulo;pt;BRA;folhas;International;quotidien;http://www1.folha.uol.com.br/;http://feeds.folha.uol.com.br/mundo/rss091.xml;18/04/2014;t;
1061;en_BRA_folhen_int;Folha de S. Paulo (English Version);en;BRA;folhen;International;quotidien;http://www1.folha.uol.com.br/;http://feeds.folha.uol.com.br/internacional/en/rss091.xml;19/12/2013;t;
927269;en_RUS_strate_uni;Fond Strateghitchesckoi Koultoury;en;RUS;strate;Unique;quotidien;http://www.strategic-culture.org/;http://www.strategic-culture.org/rss.html;07/04/2014;t;
23403;fr_FRA_antill_int;France Antilles;fr;FRA;antill;International;quotidien;http://www.guadeloupe.franceantilles.fr;http://www.guadeloupe.franceantilles.fr/rss/lea_actualite_international.xml;23/12/2013;t;
23401;fr_FRA_antill_une;France Antilles;fr;FRA;antill;Une;quotidien;http://www.guadeloupe.franceantilles.fr;http://www.guadeloupe.franceantilles.fr/rss/lea_Une.xml;23/12/2013;t;
1465984;de_DEU_zeitun_int;Frankfurter Allgemeine Zeitung;de;DEU;zeitun;International;quotidien;http://www.faz.net;http://www.faz.net/rss/aktuell/politik/ausland/;02/05/2014;t;
1466063;de_DEU_zeitun_gen;Frankfurter Allgemeine Zeitung;de;DEU;zeitun;General;quotidien;http://www.faz.net;http://www.faz.net/rss/aktuell/;02/05/2014;t;
1466600;de_DEU_anzeig_int;General Anzeiger;de;DEU;anzeig;International;quotidien;http://www.general-anzeiger-bonn.de/;http://www.general-anzeiger-bonn.de/?service=rss&p=ga-info.xml;02/05/2014;t;
1466518;de_DEU_anzeig_brn;General Anzeiger;de;DEU;anzeig;Breaking news;quotidien;http://www.general-anzeiger-bonn.de/;http://www.general-anzeiger-bonn.de/?service=rss&p=rr-gesamt.xml;02/05/2014;t;
4265098;de_DEU_google_nat;Google News Allemagne;de;DEU;google;National;autre;http://news.google.de;http://news.google.de/news?pz=1&cf=all&ned=de&hl=de&topic=n&output=rss;12/01/2015;t;
4265086;de_DEU_google_int;Google News Allemagne;de;DEU;google;International;autre;http://news.google.de;http://news.google.de/news?pz=1&cf=all&ned=de&hl=de&topic=w&output=rss;12/01/2015;t;
4265074;de_DEU_google_une;Google News Allemagne;de;DEU;google;Une;autre;http://news.google.de;http://news.google.de/news?pz=1&cf=all&ned=de&hl=de&output=rss;12/01/2015;t;
4265149;es_ARG_google_une;Google News Argentine;es;ARG;google;Une;autre;http://news.google.com.ar;http://news.google.com.ar/news?pz=1&cf=all&ned=ar&hl=es&output=rss;12/01/2015;t;
4265161;es_ARG_google_int;Google News Argentine;es;ARG;google;International;autre;http://news.google.com.ar;http://news.google.com.ar/news?pz=1&cf=all&ned=ar&hl=es&topic=w&output=rss;12/01/2015;t;
4265173;es_ARG_google_nat;Google News Argentine;es;ARG;google;National;autre;http://news.google.com.ar;http://news.google.com.ar/news?pz=1&cf=all&ned=ar&hl=es&topic=n&output=rss;12/01/2015;t;
4445710;pt_BRA_google_nat;Google News Brésil;pt;BRA;google;National;autre;http://news.google.com.br;http://news.google.com.br/news?pz=1&cf=all&ned=pt-BR_br&hl=pt&topic=n&output=rss;26/01/2015;t;
4445706;pt_BRA_google_une;Google News Brésil;pt;BRA;google;Une;autre;http://news.google.com.br;http://news.google.com.br/news?pz=1&cf=all&ned=pt-BR_br&hl=pt&output=rss;26/01/2015;t;
4445708;pt_BRA_google_int;Google News Brésil;pt;BRA;google;International;autre;http://news.google.com.br;http://news.google.com.br/news?pz=1&cf=all&ned=pt-BR_br&hl=pt&topic=w&output=rss;26/01/2015;t;
4265111;en_USA_google_une;Google News Etats-unis;en;USA;google;Une;autre;http://news.google.com;http://news.google.com/news?pz=1&cf=all&ned=us&hl=en&output=rss;12/01/2015;t;
4265135;en_USA_google_nat;Google News Etats-unis;en;USA;google;National;autre;http://news.google.com;http://news.google.com/news?pz=1&cf=all&ned=us&hl=en&topic=n&output=rss;12/01/2015;t;
4265123;en_USA_google_int;Google News Etats-unis;en;USA;google;International;autre;http://news.google.com;http://news.google.com/news?pz=1&cf=all&ned=us&hl=en&topic=w&output=rss;12/01/2015;t;
4264988;fr_FRA_google_nat;Google News France;fr;FRA;google;National;autre;http://news.google.fr/;http://news.google.fr/news?pz=1&cf=all&ned=fr&hl=fr&topic=n&output=rss;12/01/2015;t;
4264976;fr_FRA_google_int;Google News France;fr;FRA;google;International;autre;http://news.google.fr/;http://news.google.fr/news?pz=1&cf=all&ned=fr&hl=fr&topic=w&output=rss;12/01/2015;t;
4264964;fr_FRA_google_une;Google News France;fr;FRA;google;Une;autre;http://news.google.fr/;http://news.google.fr/news?pz=1&cf=all&ned=fr&hl=fr&output=rss;12/01/2015;t;
4265227;en_IND_google_une;Google News Inde;en;IND;google;Une;autre;http://news.google.co.in;http://news.google.co.in/news?pz=1&cf=all&ned=in&hl=en&output=rss;12/01/2015;t;
4265251;en_IND_google_nat;Google News Inde;en;IND;google;National;autre;http://news.google.co.in;http://news.google.co.in/news?pz=1&cf=all&ned=in&hl=en&topic=n&output=rss;12/01/2015;t;
4265239;en_IND_google_int;Google News Inde;en;IND;google;International;autre;http://news.google.co.in;http://news.google.co.in/news?pz=1&cf=all&ned=in&hl=en&topic=w&output=rss;12/01/2015;t;
4265024;it_ITA_google_nat;Google News Italy;it;ITA;google;National;autre;http://news.google.it;http://news.google.it/news?pz=1&cf=all&ned=it&hl=it&topic=n&output=rss;12/01/2015;t;
4265012;it_ITA_google_int;Google News Italy;it;ITA;google;International;autre;http://news.google.it;http://news.google.it/news?pz=1&cf=all&ned=it&hl=it&topic=w&output=rss;12/01/2015;t;
4265000;it_ITA_google_une;Google News Italy;it;ITA;google;Une;autre;http://news.google.it;http://news.google.it/news?pz=1&cf=all&ned=it&hl=it&output=rss;12/01/2015;t;
4265410;fr_MAR_google_int;Google News Maroc;fr;MAR;google;International;autre;http://news.google.co.ma;http://news.google.co.ma/news?pz=1&cf=all&ned=fr_ma&hl=fr&topic=w&output=rss;12/01/2015;t;
4265398;fr_MAR_google_une;Google News Maroc;fr;MAR;google;Une;autre;http://news.google.co.ma;http://news.google.co.ma/news?pz=1&cf=all&ned=fr_ma&hl=fr&output=rss;12/01/2015;t;
4265424;fr_MAR_google_nat;Google News Maroc;fr;MAR;google;National;autre;http://news.google.co.ma;http://news.google.co.ma/news?pz=1&cf=all&ned=fr_ma&hl=fr&topic=n&output=rss;12/01/2015;t;
4265185;es_MEX_google_une;Google News Mexique;es;MEX;google;Une;autre;http://news.google.com.mx;http://news.google.com.mx/news?pz=1&cf=all&ned=es_mx&hl=es&output=rss;12/01/2015;t;
4265209;es_MEX_google_nat;Google News Mexique;es;MEX;google;National;autre;http://news.google.com.mx;http://news.google.com.mx/news?pz=1&cf=all&ned=es_mx&hl=es&topic=n&output=rss;12/01/2015;t;
4265197;es_MEX_google_int;Google News Mexique;es;MEX;google;International;autre;http://news.google.com.mx;http://news.google.com.mx/news?pz=1&cf=all&ned=es_mx&hl=es&topic=w&output=rss;12/01/2015;t;
4265756;en_NGA_google_nat;Google News Nigéria;en;NGA;google;National;autre;http://news.google.com.ng;http://news.google.com.ng/news?pz=1&cf=all&ned=en_ng&hl=en&topic=n&output=rss;12/01/2015;t;
4265736;en_NGA_google_int;Google News Nigéria;en;NGA;google;International;autre;http://news.google.com.ng;http://news.google.com.ng/news?pz=1&cf=all&ned=en_ng&hl=en&topic=w&output=rss;12/01/2015;t;
4265721;en_NGA_google_une;Google News Nigéria;en;NGA;google;Une;autre;http://news.google.com.ng;http://news.google.com.ng/news?pz=1&cf=all&ned=en_ng&hl=en&output=rss;12/01/2015;t;
4265675;en_UGA_google_nat;Google News Ouganda;en;UGA;google;National;autre;http://news.google.co.ug;http://news.google.co.ug/news?pz=1&cf=all&ned=ug&hl=en&topic=n&output=rss;12/01/2015;t;
4265537;en_UGA_google_une;Google News Ouganda;en;UGA;google;Une;autre;http://news.google.co.ug;http://news.google.co.ug/news?pz=1&cf=all&ned=ug&hl=en&output=rss;12/01/2015;t;
4265627;en_UGA_google_int;Google News Ouganda;en;UGA;google;International;autre;http://news.google.co.ug;http://news.google.co.ug/news?pz=1&cf=all&ned=ug&hl=en&topic=w&output=rss;12/01/2015;t;
4265385;en_PAK_google_nat;Google News Pakistan;en;PAK;google;National;autre;http://news.google.com.pk;http://news.google.com.pk/news?pz=1&cf=all&ned=en_pk&hl=en&topic=n&output=rss;12/01/2015;t;
4265314;en_PAK_google_une;Google News Pakistan;en;PAK;google;Une;autre;http://news.google.com.pk;http://news.google.com.pk/news?pz=1&cf=all&ned=en_pk&hl=en&output=rss;12/01/2015;t;
4265369;en_PAK_google_int;Google News Pakistan;en;PAK;google;International;autre;http://news.google.com.pk;http://news.google.com.pk/news?pz=1&cf=all&ned=en_pk&hl=en&topic=w&output=rss;12/01/2015;t;
4265287;en_PHL_google_nat;Google News Philippines;en;PHL;google;National;autre;http://news.google.com.ph;http://news.google.com.ph/news?pz=1&cf=all&ned=en_ph&hl=en&topic=n&output=rss;12/01/2015;t;
4265263;en_PHL_google_une;Google News Philippines;en;PHL;google;Une;autre;http://news.google.com.ph;http://news.google.com.ph/news?pz=1&cf=all&ned=en_ph&hl=en&output=rss;12/01/2015;t;
4265275;en_PHL_google_int;Google News Philippines;en;PHL;google;International;autre;http://news.google.com.ph;http://news.google.com.ph/news?pz=1&cf=all&ned=en_ph&hl=en&topic=w&output=rss;12/01/2015;t;
4265061;en_GBR_google_nat;Google News United Kingdom;en;GBR;google;National;autre;http://news.google.co.uk;http://news.google.co.uk/news?pz=1&cf=all&ned=uk&hl=en&topic=n&output=rss;12/01/2015;t;
4265037;en_GBR_google_une;Google News United Kingdom;en;GBR;google;Une;autre;http://news.google.co.uk;http://news.google.co.uk/news?pz=1&cf=all&ned=uk&hl=en&output=rss;12/01/2015;t;
4265049;en_GBR_google_int;Google News United Kingdom;en;GBR;google;International;autre;http://news.google.co.uk;http://news.google.co.uk/news?pz=1&cf=all&ned=uk&hl=en&topic=w&output=rss;12/01/2015;t;
17336;en_ISR_haretz_une;Haaretz (The Land);en;ISR;haretz;Une;quotidien;http://www.haaretz.com;http://www.haaretz.com/cmlink/1.263335;20/12/2013;t;
17333;en_ISR_haretz_int;Haaretz (The Land);en;ISR;haretz;International;quotidien;http://www.haaretz.com;http://www.haaretz.com/cmlink/1.628765;20/12/2013;t;
1466380;de_DEU_handel_une;Handelsblatt;de;DEU;handel;Une;quotidien;http://www.handelsblatt.de;http://www.handelsblatt.com/contentexport/feed/schlagzeilen;02/05/2014;t;
143;en_AUS_hersun_int;Herald Sun;en;AUS;hersun;International;quotidien;http://www.heraldsun.com.au/;http://feeds.news.com.au/heraldsun/rss/heraldsun_news_worldnews_2793.xml;19/12/2013;t;
144;en_AUS_hersun_brn;Herald Sun;en;AUS;hersun;Breaking news;quotidien;http://www.heraldsun.com.au/;http://feeds.news.com.au/heraldsun/rss/heraldsun_news_breakingnews_2800.xml;19/12/2013;t;
1105418;en_IND_hindti_brn;Hindustan Times;en;IND;hindti;Breaking news;quotidien;http://www.hindustantimes.com/;http://feeds.hindustantimes.com/HT-HomePage-TopStories;18/04/2014;t;
1105401;en_IND_hindti_int;Hindustan Times;en;IND;hindti;International;quotidien;http://www.hindustantimes.com/;http://feeds.hindustantimes.com/HT-World;18/04/2014;t;
51;en_ZMB_indeol_int;iol;en;ZMB;indeol;International;quotidien;http://www.iol.co.za/;http://www.iol.co.za/cmlink/news-world-extended-1.679217;19/12/2013;t;
52;en_ZMB_indeol_une;iol;en;ZMB;indeol;Une;quotidien;http://www.iol.co.za/;http://www.iol.co.za/cmlink/home-page-extended-1.628986;19/12/2013;t;
939283;en_JPN_jatime_brn;Japan Times;en;JPN;jatime;Breaking news;quotidien;http://www.japantimes.co.jp/;http://www.japantimes.co.jp/news/feed/;08/04/2014;t;
939315;en_JPN_jatime_int;Japan Times;en;JPN;jatime;International;quotidien;http://www.japantimes.co.jp/;http://www.japantimes.co.jp/news_category/world/feed/;08/04/2014;t;
17286;en_JOR_jordti_uni;Jordan times;en;JOR;jordti;Unique;quotidien;http://jordantimes.com/;http://feeds.feedburner.com/TheJordanTimes-LatestNews?format=xml;20/12/2013;t;
851749;pt_BRA_jornal_gen;Jornal do Brasil;pt;BRA;jornal;General;quotidien;http://www.jb.com.br/;http://www.jb.com.br/noticias/rss.xml;31/03/2014;t;
851673;pt_BRA_jornal_int;Jornal do Brasil;pt;BRA;jornal;International;quotidien;http://www.jb.com.br/;http://www.jb.com.br/internacional/noticias/rss.xml;31/03/2014;t;
16179;en_ARE_khalej_une;Khaleej Times;en;ARE;khalej;Une;quotidien;http://www.khaleejtimes.com/;http://www.khaleejtimes.com/services/rss/topstories/rss.xml;20/12/2013;f;06/07/2015
16165;en_ARE_khalej_int;Khaleej Times;en;ARE;khalej;International;quotidien;http://www.khaleejtimes.com/;http://www.khaleejtimes.com/services/rss/international/rss.xml;20/12/2013;f;06/07/2015
763659;es_MEX_cronic_int;La cronica de hoy;es;MEX;cronic;International;quotidien;http://www.cronica.com.mx/;http://www.cronica.com.mx/rss/rssSeccion.php?id=3;21/03/2014;t;
756330;es_BOL_lajord_une;La Jordana (Bol);es;BOL;lajord;Une;quotidien;http://www.jornadanet.com;http://www.jornadanet.com/rss/Portada.xml;20/03/2014;t;
756340;es_BOL_lajord_int;La Jordana (Bol);es;BOL;lajord;International;quotidien;http://www.jornadanet.com;http://www.jornadanet.com/rss/Mundo.xml;20/03/2014;t;
763764;es_MEX_jormex_gen;La Jordana (Mex);es;MEX;jormex;General;quotidien;http://www.jornada.unam.mx/;http://www.jornada.unam.mx/rss/edicion.xml;21/03/2014;t;
763910;es_MEX_jormex_int;La Jordana (Mex);es;MEX;jormex;International;quotidien;http://www.jornada.unam.mx/;http://www.jornada.unam.mx/rss/mundo.xml;21/03/2014;t;
763963;es_ARG_nacion_brn;La Nacion;es;ARG;nacion;Breaking news;quotidien;http://www.lanacion.com.ar/;http://contenidos.lanacion.com.ar/herramientas/rss/origen=2;21/03/2014;t;
764015;es_ARG_nacion_int;La Nacion;es;ARG;nacion;International;quotidien;http://www.lanacion.com.ar/;http://contenidos.lanacion.com.ar/herramientas/rss/categoria_id=7;21/03/2014;t;
3453;fr_FRA_nourep_gen;la nouvelle republique;fr;FRA;nourep;General;quotidien;http://www.lanouvellerepublique.fr;http://www.lanouvellerepublique.fr/nr/flux/rss/Toute-zone;19/12/2013;t;
756856;es_BOL_patria_int;La patria;es;BOL;patria;International;quotidien;http://lapatriaenlinea.com;http://lapatriaenlinea.com/rss/Internacional.xml;20/03/2014;t;
765506;es_ARG_prensa_int;La Prensa;es;ARG;prensa;International;quotidien;http://www.laprensa.com.ar/;http://www.laprensa.com.ar/ResourcesManager.aspx?Resource=Rss.aspx&Rss=7;21/03/2014;t;
765484;es_ARG_prensa_une;La Prensa;es;ARG;prensa;Une;quotidien;http://www.laprensa.com.ar/;http://www.laprensa.com.ar/ResourcesManager.aspx?Resource=Rss.aspx&Rss=8;21/03/2014;t;
836;es_BOL_larazo_gen;La Razon;es;BOL;larazo;General;quotidien;http://www.la-razon.com/;http://www.la-razon.com/rss/latest/?contentType=NWS;19/12/2013;t;
1037;es_BOL_larazo_int;La Razon;es;BOL;larazo;International;quotidien;http://www.la-razon.com/;http://www.la-razon.com/rss/mundo/;19/12/2013;t;
876094;es_CHL_tercer_gen;La Tercera;es;CHL;tercer;General;quotidien;http://www.latercera.com/;http://www.latercera.com/feed/manager?type=rss&sc=TEFURVJDRVJB&ul=1;02/04/2014;t;
876159;es_CHL_tercer_int;La Tercera;es;CHL;tercer;International;quotidien;http://www.latercera.com/;http://www.latercera.com/feed/manager?type=rss&sc=TEFURVJDRVJB&citId=9&categoryId=678;02/04/2014;t;
765548;es_ARG_vozint_brn;La voz del interior;es;ARG;vozint;Breaking news;quotidien;http://www.lavoz.com.ar/;http://www.lavoz.com.ar/rss.xml;21/03/2014;t;
765600;es_ARG_vozint_int;La voz del interior;es;ARG;vozint;International;quotidien;http://www.lavoz.com.ar/;http://www.lavoz.com.ar/taxonomy/term/5/1/feed;21/03/2014;t;
1225;fr_BFA_lefaso_uni;Le faso;fr;BFA;lefaso;Unique;quotidien;http://www.lefaso.net/;http://www.lefaso.net/spip.php?page=backend;19/12/2013;t;
1757;fr_FRA_figaro_une;Le Figaro;fr;FRA;figaro;Une;quotidien;http://www.lefigaro.fr/;http://rss.lefigaro.fr/lefigaro/laune;19/12/2013;t;
1760;fr_FRA_figaro_int;Le Figaro;fr;FRA;figaro;International;quotidien;http://www.lefigaro.fr/;http://www.lefigaro.fr/rss/figaro_international.xml;19/12/2013;t;
1358;fr_CAN_jmontr_int;Le Journal de Montréal;fr;CAN;jmontr;International;quotidien;http://www.journaldemontreal.com/;http://www.journaldemontreal.com/actualite/monde/rss.xml;19/12/2013;t;
1356;fr_CAN_jmontr_brn;Le Journal de Montréal;fr;CAN;jmontr;Breaking news;quotidien;http://www.journaldemontreal.com/;http://www.journaldemontreal.com/accueil/rss.xml;19/12/2013;t;
63;fr_DZA_lmatin_uni;Le Matin;fr;DZA;lmatin;Unique;quotidien;http://www.lematindz.net/;http://www.lematindz.net/feed/index.1.rss;19/12/2013;t;
16526;fr_MAR_lemati_gen;Le Matin (maroc);fr;MAR;lemati;General;quotidien;http://www.lematin.ma/;http://feeds.feedburner.com/lematin-ma?format=xml;20/12/2013;t;
1646;fr_FRA_lmonde_une;Le Monde;fr;FRA;lmonde;Une;quotidien;http://lemonde.fr;http://www.lemonde.fr/rss/une.xml;04/05/2011;t;
281409;fr_FRA_lmonde_int;Le Monde;fr;FRA;lmonde;International;quotidien;http://lemonde.fr;http://rss.lemonde.fr/c/205/f/3052/index.rss;03/05/2011;t;
10038;fr_FRA_lepari_int;Le Parisien;fr;FRA;lepari;International;quotidien;http://www.leparisien.fr/;http://rss.leparisien.fr/leparisien/rss/international.xml;19/12/2013;t;
1338052;fr_FRA_lepari_gen;Le Parisien;fr;FRA;lepari;General;quotidien;http://www.leparisien.fr/;http://www.leparisien.fr/actualites-a-la-une.rss.xml;22/04/2014;t;
10033;fr_FRA_lepari_une;Le Parisien;fr;FRA;lepari;Une;quotidien;http://www.leparisien.fr/;http://rss.leparisien.fr/leparisien/rss/une.xml;19/12/2013;t;
1247;fr_BFA_lepays_uni;Le pays;fr;BFA;lepays;Unique;quotidien;http://www.lepays.bf;http://lepays.bf/feed/;19/12/2013;t;
16816;fr_LUX_quotid_uni;Le Quotidien;fr;LUX;quotid;Unique;quotidien;http://www.lequotidien.lu;http://www.lequotidien.lu/rss;20/12/2013;t;
162;fr_BEL_lesoir_brn;Le soir;fr;BEL;lesoir;Breaking news;quotidien;http://www.lesoir.be;http://www.lesoir.be/feed/Actualit%C3%A9/Fil%20Info/destination_principale_block;19/12/2013;t;
1338083;fr_BEL_lesoir_une;Le soir;fr;BEL;lesoir;Une;quotidien;http://www.lesoir.be;http://www.lesoir.be/feed/La%20Une/destination_une_block/;22/04/2014;t;
165;fr_BEL_lesoir_int;Le soir;fr;BEL;lesoir;International;quotidien;http://www.lesoir.be;http://www.lesoir.be/feed/Actualit%C3%A9/Monde/destination_principale_block;19/12/2013;t;
1107013;fr_DZA_xpress_brn;L'Expression;fr;DZA;xpress;Breaking news;quotidien;http://www.lexpressiondz.com;http://www.lexpressiondz.com/feed/linformation_en_continue/index.1.rss;18/04/2014;t;
60;fr_DZA_xpress_int;L'Expression;fr;DZA;xpress;International;quotidien;http://www.lexpressiondz.com;http://www.lexpressiondz.com/feed/internationale/index.1.rss;19/12/2013;t;
226699;fr_FRA_libera_int;Libération;fr;FRA;libera;International;quotidien;http://www.liberation.fr/;http://liberation.fr.feedsportal.com/c/32268/fe.ed/rss.liberation.fr/rss/10/;23/01/2014;t;
226696;fr_FRA_libera_une;Libération;fr;FRA;libera;Une;quotidien;http://www.liberation.fr/;http://liberation.fr.feedsportal.com/c/32268/fe.ed/rss.liberation.fr/rss/9/;23/01/2014;t;
1338887;es_BOL_tiempo_brn;Los tiempos;es;BOL;tiempo;Breaking news;quotidien;http://www.lostiempos.com/;http://www.lostiempos.com/rss/lostiempos-ultimas.xml;21/04/2014;t;
744184;es_BOL_tiempo_int;Los tiempos;es;BOL;tiempo;International;quotidien;http://www.lostiempos.com/;http://www.lostiempos.com/rss/lostiempos-internacional.xml;19/03/2014;t;
744175;es_BOL_tiempo_une;Los tiempos;es;BOL;tiempo;Une;quotidien;http://www.lostiempos.com/;http://www.lostiempos.com/rss/lostiempos-titulares.xml;19/03/2014;t;
23398;fr_FRA_metron_une;Metro;fr;FRA;metron;Une;quotidien;http://www.metrofrance.com;http://www.metrofrance.com/rss.xml?c=section-news;23/12/2013;t;
1338889;fr_FRA_metron_brn;Metro;fr;FRA;metron;Breaking news;quotidien;http://www.metrofrance.com;http://www.metronews.fr/rss.xml;22/04/2014;t;
763920;es_MEX_mileni_gen;Milenio;es;MEX;mileni;General;quotidien;http://www.milenio.com/;http://www.milenio.com/rss;21/03/2014;t;
1466474;de_DEU_mittel_gen;Mitteldeutsche Zeitung;de;DEU;mittel;General;quotidien;http://www.mz-web.de/startseite/20639998,20639998.html;http://www.mz-web.de/startseite/20639998,20639998,view,asFeed.xml;02/05/2014;t;
1338918;en_BWA_megiwa_gen;Mmegi wa Digmang;en;BWA;megiwa;General;quotidien;http://www.mmegi.bw;http://www.mmegi.bw/2013_website/widgets/rss/rss.php?wid=1;22/04/2014;t;
927247;en_RUS_moscow_brn;Moscow times;en;RUS;moscow;Breaking news;quotidien;http://www.themoscowtimes.com/;http://www.themoscowtimes.com/rss/news/;07/04/2014;t;
150;en_BHS_nassau_brn;Nassau Guardian;en;BHS;nassau;Breaking news;quotidien;http://www.thenassauguardian.com;http://www.thenassauguardian.com/index.php?option=com_content&view=category&id=3&format=feed&type=rss;19/12/2013;t;
16703;en_MYS_newstr_une;News Straits Times;en;MYS;newstr;Une;quotidien;http://www.nst.com.my;http://www.nst.com.my/cmlink/top-news-feed-1.3086?localLinksEnabled=false;20/12/2013;f;09/06/2014
2667374;en_MYS_newstr_uni;News Straits Times;en;MYS;newstr;Unique;quotidien;http://www.nst.com.my;http://www.nst.com.my/latest.xml;20/08/2014;t;
1339470;en_MYS_newstr_brn;News Straits Times;en;MYS;newstr;Breaking news;quotidien;http://www.nst.com.my;http://www.nst.com.my/cmlink/1.3108;22/04/2014;f;09/06/2014
16243;en_UGA_newvis_int;New Vision;en;UGA;newvis;International;quotidien;http://www.newvision.co.ug;http://www.newvision.co.ug/feed.aspx?cat_id=2;20/12/2013;t;
16471;en_NZL_nzhera_une;New Zealand Herald;en;NZL;nzhera;Une;quotidien;http://www.nzherald.co.nz/;http://rss.nzherald.co.nz/rss/xml/nzhtsrsscid_000000698.xml;21/01/2014;t;
16473;en_NZL_nzhera_int;New Zealand Herald;en;NZL;nzhera;International;quotidien;http://www.nzherald.co.nz/;http://rss.nzherald.co.nz/rss/xml/nzhrsscid_000000002.xml;20/12/2013;t;
1466456;de_DEU_nurnbe_uni;Nürnberger Nachrichten;de;DEU;nurnbe;Unique;quotidien;http://www.nordbayern.de/nuernberger-nachrichten;http://www.nordbayern.de/cmlink/15.423?cid=2.230&locid=2.1831;02/05/2014;t;
10146444;ar_SAU_okazsa_int;Okaz;ar;SAU;okazsa;International;quotidien;http://www.okaz.com.sa/;http://www.okaz.com.sa/new/rss/f_rss.xml;16/10/2015;t;
17354;fr_FRA_ouestf_uni;Ouest France;fr;FRA;ouestf;Unique;quotidien;http://www.ouest-france.fr;http://www.ouest-france.fr/dma-rss_-Toutes-les-DMA-RSS_6346--fils-tous_filDMA.Htm#xtor=RSS-3003;20/12/2013;t;
16432;en_PHL_phildy_uni;Philippine Daily Inquirer;en;PHL;phildy;Unique;quotidien;http://www.inquirer.com.ph/;http://www.inquirer.net/fullfeed;20/12/2013;t;
16238;en_UGA_redpep_int;Red Pepper;en;UGA;redpep;International;quotidien;http://www.redpepper.co.ug;http://www.redpepper.co.ug/?feed=rss2&cat=33;20/12/2013;t;
16240;en_UGA_redpep_gen;Red Pepper;en;UGA;redpep;General;quotidien;http://www.redpepper.co.ug;http://www.redpepper.co.ug/?feed=rss2;20/12/2013;t;
156622;it_ITA_repubb_gen;repubblica;it;ITA;repubb;General;quotidien;http://www.repubblica.it/;http://www.repubblica.it/rss/homepage/rss2.0.xml;14/01/2014;t;
14022;it_ITA_repubb_int;repubblica;it;ITA;repubb;International;quotidien;http://www.repubblica.it/;http://rss.feedsportal.com/c/32275/f/438640/index.rss;20/12/2013;t;
1123;en_BRA_riotim_uni;Rio Times Online;en;BRA;riotim;Unique;quotidien;http://riotimesonline.com/;http://riotimesonline.com/feed/;19/12/2013;t;
928198;en_RUS_russia_int;Russia beyond the Headlines;en;RUS;russia;International;quotidien;http://rbth.co.uk/;http://rbth.com/xml/international.xml;07/04/2014;t;
928247;en_RUS_russia_gen;Russia beyond the Headlines;en;RUS;russia;General;quotidien;http://rbth.co.uk/;http://rbth.com/xml/index.xml;07/04/2014;t;
340133;pl_POL_Rzeczp_une;Rzeczpospolita;pl;POL;Rzeczp;Une;quotidien;http://www.rp.pl/;http://www.rp.pl/rss/2.html;07/02/2014;t;
340135;pl_POL_Rzeczp_int;Rzeczpospolita;pl;POL;Rzeczp;International;quotidien;http://www.rp.pl/;http://www.rp.pl/rss/11.html;07/02/2014;t;
11379774;en_SAU_saudig_uni;Saudi Gazette;en;SAU;saudig;Unique;quotidien;http://www.saudigazette.com.sa/;http://saudigazette.com.sa/rss;10/12/2015;t;
81;en_SAU_saudig_int;Saudi Gazette;en;SAU;saudig;International;quotidien;http://www.saudigazette.com.sa/;http://www.saudigazette.com.sa/rss/wr_rss.xml;19/12/2013;f;09/10/2015
1340651;en_CHN_mopost_brn;South China Morning Post;en;CHN;mopost;Breaking news;quotidien;http://www.scmp.com;http://www.scmp.com/rss/91/feed;22/04/2014;t;
9844;en_CHN_mopost_int;South China Morning Post;en;CHN;mopost;International;quotidien;http://www.scmp.com;http://www.scmp.com/rss/5/feed;19/12/2013;t;
950483;en_KHM_asiglo_uni;Southeast Asia Globe;en;KHM;asiglo;Unique;mensuel;http://sea-globe.com/;http://sea-globe.com/feed/;09/04/2014;t;
54;en_ZAF_soweta_gen;sowetan;en;ZAF;soweta;General;quotidien;http://www.sowetanlive.co.za/;http://www.sowetanlive.co.za/?service=rss;19/12/2013;t;
55;en_ZAF_soweta_brn;sowetan;en;ZAF;soweta;Breaking news;quotidien;http://www.sowetanlive.co.za/;http://www.sowetanlive.co.za/news/?service=rss;04/05/2011;t;
16330;en_SGP_strtim_brn;Straits Times;en;SGP;strtim;Breaking news;quotidien;http://www.straitstimes.com;http://www.straitstimes.com/breaking-news/world/rss.xml;20/12/2013;f;10/04/2014
1341243;en_SGP_strtim_int;Straits Times;en;SGP;strtim;International;quotidien;http://www.straitstimes.com;http://www.straitstimes.com/news/world/rss.xml;22/04/2014;t;
1466193;de_DEU_suddeu_gen;Süddeutsche  Zeitung;de;DEU;suddeu;General;quotidien;http://www.sueddeutsche.de;http://suche.sueddeutsche.de/?output=rss;02/05/2014;t;
16287;en_SWZ_swazio_uni;Swazi Observer;en;SWZ;swazio;Unique;quotidien;http://www.observer.org.sz;http://www.observer.org.sz/feed/index.rss;20/12/2013;t;
1341278;en_VNM_thanhn_gen;Thanh  Nien (news - english version);en;VNM;thanhn;General;quotidien;http://www.thanhniennews.com/;http://www.thanhniennews.com/rss/home.rss;21/04/2014;t;
948221;en_VNM_thanhn_int;Thanh  Nien (news - english version);en;VNM;thanhn;International;quotidien;http://www.thanhniennews.com/;http://www.thanhniennews.com/rss/world-region-10.rss;09/04/2014;t;
3456;en_AUS_theage_une;The Age;en;AUS;theage;Une;quotidien;http://www.theage.com.au/;http://feeds.theage.com.au/rssheadlines/top.xml;19/12/2013;t;
3458;en_AUS_theage_int;The Age;en;AUS;theage;International;quotidien;http://www.theage.com.au/;http://rss.feedsportal.com/c/34696/fe.ed/feeds.theage.com.au/rssheadlines/world.xml;19/12/2013;t;
3463;en_AUS_austra_int;the australian;en;AUS;austra;International;quotidien;http://www.theaustralian.com.au;http://feeds.news.com.au/public/rss/2.0/aus_world_808.xml;19/12/2013;t;
3461;en_AUS_austra_brn;the australian;en;AUS;austra;Breaking news;quotidien;http://www.theaustralian.com.au;http://feeds.news.com.au/public/rss/2.0/aus_news_807.xml;19/12/2013;t;
1341360;en_BGD_bangla_int;the bangladesh today;en;BGD;bangla;International;quotidien;http://thebangladeshtoday.com/;http://thebangladeshtoday.com/international/feed/;22/04/2014;f;27/02/2015
158;en_BGD_bangla_uni;the bangladesh today;en;BGD;bangla;Unique;quotidien;http://thebangladeshtoday.com/;http://thebangladeshtoday.com/feed/;19/12/2013;t;
16313;en_SGP_busine_gen;The Business Times;en;SGP;busine;General;quotidien;http://www.businesstimes.com.sg/;http://www.businesstimes.com.sg/premium/all/rss.xml;20/12/2013;f;07/10/2014
16311;en_SGP_busine_int;The Business Times;en;SGP;busine;International;quotidien;http://www.businesstimes.com.sg/;http://www.businesstimes.com.sg/premium/world/rss.xml;20/12/2013;f;07/10/2014
4282552;en_SGP_busine_une;The Business Times;en;SGP;busine;Une;quotidien;http://www.businesstimes.com.sg/;http://www.businesstimes.com.sg/rss-feed/top-stories;13/01/2015;t;
1249;en_KHM_cambdy_uni;The Cambodia Daily;en;KHM;cambdy;Unique;quotidien;http://www.cambodiadaily.com;http://www.cambodiadaily.com/rss/;19/12/2013;f;02/12/2014
9476;en_AUS_comail_brn;The Courier Mail;en;AUS;comail;Breaking news;quotidien;http://www.couriermail.com.au/;http://feeds.news.com.au/public/rss/2.0/bcm_breaking_news_67.xml;19/12/2013;t;
1341843;en_AUS_comail_une;The Courier Mail;en;AUS;comail;Une;quotidien;http://www.couriermail.com.au/;http://feeds.news.com.au/public/rss/2.0/bcm_top_stories_257.xml;22/04/2014;t;
17243;en_KEN_dailyn_gen;The Daily Nation;en;KEN;dailyn;General;quotidien;http://www.nation.co.ke;http://www.nation.co.ke/-/1148/1148/-/view/asFeed/-/vtvnjq/-/index.xml;20/12/2013;t;
17215;en_KEN_dailyn_int;The Daily Nation;en;KEN;dailyn;International;quotidien;http://www.nation.co.ke;http://www.nation.co.ke/News/world/-/1068/1068/-/view/asFeed/-/hswh9v/-/index.xml;20/12/2013;t;
160;en_BRB_dainat_uni;The Daily Nation (Barbados);en;BRB;dainat;Unique;quotidien;http://www.nationnews.com/;http://www.nationnews.com/site/feed/;19/12/2013;t;
16079;en_GBR_guardi_brn;The Guardian;en;GBR;guardi;Breaking news;quotidien;http://www.theguardian.com/;http://feeds.theguardian.com/theguardian/uk/rss;20/12/2013;t;
16073;en_GBR_guardi_int;The Guardian;en;GBR;guardi;International;quotidien;http://www.theguardian.com/;http://feeds.guardian.co.uk/theguardian/world/rss;20/12/2013;t;
16136;en_ARE_gulfto_int;The Gulf Today;en;ARE;gulfto;International;quotidien;http://gulftoday.ae;http://gulftoday.ae/pages/rss.ashx?id=12;20/12/2013;t;
16149;en_ARE_gulfto_brn;The Gulf Today;en;ARE;gulfto;Breaking news;quotidien;http://gulftoday.ae;http://gulftoday.ae/pages/rss.ashx?id=138;20/12/2013;t;
15966;en_ZWE_herald_int;The Herald;en;ZWE;herald;International;quotidien;http://www.herald.co.zw;http://www.herald.co.zw/category/articles/international/feed/;20/12/2013;t;
15968;en_ZWE_herald_gen;The Herald;en;ZWE;herald;General;quotidien;http://www.herald.co.zw;http://www.herald.co.zw/feed/;20/12/2013;t;
17321;en_ISR_jepost_int;The Jerusalem Post;en;ISR;jepost;International;quotidien;http://www.jpost.com;http://www.jpost.com/Rss/RssFeedsPolitiqueetsocial.aspx;20/12/2013;t;
17319;en_ISR_jepost_une;The Jerusalem Post;en;ISR;jepost;Une;quotidien;http://www.jpost.com;http://www.jpost.com/RSS/RssFeedsFrontPage.aspx;20/03/2014;t;
68;en_DEU_tlocal_uni;The local;en;DEU;tlocal;Unique;quotidien;http://www.thelocal.de/;http://www.thelocal.de/feeds/rss.php;19/12/2013;t;
1351249;en_USA_latime_une;The Los Angeles Times;en;USA;latime;Une;quotidien;http://www.latimes.com/;http://feeds.latimes.com/latimes/news;23/04/2014;f;02/10/2015
1351237;en_USA_latime_int;The Los Angeles Times;en;USA;latime;International;quotidien;http://www.latimes.com/;http://www.latimes.com/world/rss2.0.xml;23/04/2014;t;
11398777;en_USA_latime_gen;The Los Angeles Times;en;USA;latime;General;quotidien;http://www.latimes.com/;http://www.latimes.com/rss2.0.xml;11/12/2015;t;
9638;en_AUS_mercur_une;The Mercury;en;AUS;mercur;Une;quotidien;http://www.themercury.com.au/;http://www.themercury.com.au/rss/mercury-todays-news.xml;19/12/2013;t;
70;en_DEU_munich_uni;The munich eye;en;DEU;munich;Unique;quotidien;http://www.themunicheye.com/;http://www.themunicheye.com/themunicheye.rss;19/12/2013;t;
1351819;en_THA_nation_une;The Nation;en;THA;nation;Une;quotidien;http://www.nationmultimedia.com/index.php;http://www.nationmultimedia.com/home/rss/topstories.rss;23/04/2014;t;
950509;en_THA_nation_brn;The Nation;en;THA;nation;Breaking news;quotidien;http://www.nationmultimedia.com/index.php;http://www.nationmultimedia.com/home/rss/breakingnews.rss;09/04/2014;t;
16458;en_PAK_newint_une;The News International;en;PAK;newint;Une;quotidien;http://www.thenews.com.pk/;http://old.thenews.com.pk/rss/thenews_updates.xml;20/12/2013;t;
16462;en_PAK_newint_int;The News International;en;PAK;newint;International;quotidien;http://www.thenews.com.pk/;http://old.thenews.com.pk/rss/thenews_world.xml;20/12/2013;t;
1501;en_USA_nytime_int;The New York Times;en;USA;nytime;International;quotidien;http://www.nytimes.com;http://www.nytimes.com/services/xml/rss/nyt/World.xml;04/05/2011;t;
1499;en_USA_nytime_gen;The New York Times;en;USA;nytime;General;quotidien;http://www.nytimes.com;http://www.nytimes.com/services/xml/rss/nyt/HomePage.xml;19/12/2013;t;
1500;en_USA_nyintr_gen;The New York Times (International edition);en;USA;nyintr;General;quotidien;http://www.nytimes.com/;http://www.nytimes.com/services/xml/rss/nyt/InternationalHome.xml;19/12/2013;t;
15980;en_ZMB_postzm_uni;The Post;en;ZMB;postzm;Unique;quotidien;http://www.postzambia.com;http://www.postzambia.com/post-articles_rss.php?ver=2;20/12/2013;f;05/08/2014
6433917;en_RUS_petime_une;The Saint Petersburg Times;en;RUS;petime;Une;quotidien;http://www.sptimes.ru/;http://www.themoscowtimes.com/rss/top/;28/04/2015;t;
928295;en_RUS_petime_uni;The Saint Petersburg Times;en;RUS;petime;Unique;quotidien;http://www.sptimes.ru/;http://feeds.feedburner.com/sptimes;07/04/2014;f;31/01/2015
1011547;en_KHM_souasi_int;The Southeast Asia weekly;en;KHM;souasi;International;hebdomadaire;http://www.thesoutheastasiaweekly.com/;http://www.thesoutheastasiaweekly.com/category/world/feed/;15/04/2014;f;27/04/2015
1352586;en_CAN_starca_gen;The Star;en;CAN;starca;General;quotidien;http://www.thestar.com;http://www.thestar.com/feeds.articles.news.rss;23/04/2014;t;
1333;en_CAN_starca_int;The Star;en;CAN;starca;International;quotidien;http://www.thestar.com;http://www.thestar.com/feeds.articles.news.world.rss;19/12/2013;t;
1334;en_CAN_starca_une;The Star;en;CAN;starca;Une;quotidien;http://www.thestar.com;http://www.thestar.com/feeds.topstories.rss;19/12/2013;t;
17290;en_JAM_starjm_brn;The Star (Jamaica);en;JAM;starjm;Breaking news;quotidien;http://jamaica-star.com;http://jamaica-star.com/feed/news.xml;20/12/2013;t;
1352543;en_MYS_starmy_int;The Star (malaisie);en;MYS;starmy;International;quotidien;http://www.thestar.com.my/;http://www.thestar.com.my/RSS/News/World;23/04/2014;t;
1352556;en_MYS_starmy_une;The Star (malaisie);en;MYS;starmy;Une;quotidien;http://www.thestar.com.my/;http://www.thestar.com.my/RSS/Editors-Choice/Main;23/04/2014;t;
1352569;en_MYS_starmy_brn;The Star (malaisie);en;MYS;starmy;Breaking news;quotidien;http://www.thestar.com.my/;http://www.thestar.com.my/RSS/Editors-Choice/News;23/04/2014;t;
9803;en_AUS_mohera_une;The Sydney Morning Herald;en;AUS;mohera;Une;quotidien;http://www.smh.com.au/;http://feeds.smh.com.au/rssheadlines/top.xml;19/12/2013;t;
9805;en_AUS_mohera_int;The Sydney Morning Herald;en;AUS;mohera;International;quotidien;http://www.smh.com.au/;http://feeds.smh.com.au/rssheadlines/world.xml;19/12/2013;t;
15999;en_GBR_ttimes_brn;The Times;en;GBR;ttimes;Breaking news;quotidien;http://www.thetimes.co.uk/;http://www.thetimes.co.uk/tto/news/rss;20/12/2013;t;
1352662;en_GBR_ttimes_int;The Times;en;GBR;ttimes;International;quotidien;http://www.thetimes.co.uk/;http://www.thetimes.co.uk/tto/news/world/rss;21/04/2014;t;
23384;en_IND_tindia_int;The times of India;en;IND;tindia;International;quotidien;http://timesofindia.indiatimes.com;http://timesofindia.feedsportal.com/c/33039/f/533917/index.rss;23/12/2013;t;
23382;en_IND_tindia_brn;The times of India;en;IND;tindia;Breaking news;quotidien;http://timesofindia.indiatimes.com;http://timesofindia.feedsportal.com/c/33039/f/533965/index.rss;23/12/2013;t;
152;en_BHS_tri242_uni;The Tribune 242;en;BHS;tri242;Unique;quotidien;http://www.tribune242.com/;http://www.tribune242.com/rss/headlines/;19/12/2013;t;
1383;en_CAN_vansun_int;The Vancouver Sun;en;CAN;vansun;International;quotidien;http://www.vancouversun.com;http://rss.canada.com/get/?F7432;19/12/2013;t;
1353208;en_CAN_vansun_gen;The Vancouver Sun;en;CAN;vansun;General;quotidien;http://www.vancouversun.com;http://rss.canada.com/get/?F229;23/04/2014;t;
15993;en_USA_wallst_gen;The Wall street journal;en;USA;wallst;General;quotidien;http://online.wsj.com;http://online.wsj.com/xml/rss/3_7011.xml;20/12/2013;t;
15991;en_USA_wallst_int;The Wall street journal;en;USA;wallst;International;quotidien;http://online.wsj.com;http://online.wsj.com/xml/rss/3_7085.xml;20/12/2013;t;
9849;en_CHN_wsasia_uni;The Wall Street Journal Asia;en;CHN;wsasia;Unique;quotidien;http://www.wsj-asia.com/;http://online.wsj.com/xml/rss/3_7013.xml;19/12/2013;t;
9818;en_AUS_westau_brn;The West Australian;en;AUS;westau;Breaking news;quotidien;https://au.news.yahoo.com/thewest/;http://d.yimg.com/au.rss.news.yahoo.com/thewest/breaking.xml;19/12/2013;t;
9816;en_AUS_westau_int;The West Australian;en;AUS;westau;International;quotidien;https://au.news.yahoo.com/thewest/;http://d.yimg.com/au.rss.news.yahoo.com/thewest/world.xml;19/12/2013;t;
16465;en_NGA_thiday_int;This Day;en;NGA;thiday;International;quotidien;http://www.thisdaylive.com;http://www.thisdaylive.com/go/search/?search=News+World&contenttype=article&sort=date&output=rss;20/12/2013;t;
1361799;en_NGA_thiday_brn;This Day;en;NGA;thiday;Breaking news;quotidien;http://www.thisdaylive.com;http://www.thisdaylive.com/go/search/?search=News&contenttype=article&sort=date&output=rss;24/04/2014;t;
1361811;en_MLT_tmalta_int;times of malta;en;MLT;tmalta;International;quotidien;http://www.timesofmalta.com;http://www.timesofmalta.com/rss/world;24/04/2014;t;
16656;en_MLT_tmalta_gen;times of malta;en;MLT;tmalta;General;quotidien;http://www.timesofmalta.com;http://www.timesofmalta.com/rss;20/12/2013;t;
16306;en_SGP_twoday_brn;Today;en;SGP;twoday;Breaking news;quotidien;http://www.todayonline.com;http://www.todayonline.com/hot-news/feed;20/12/2013;t;
1361848;en_SGP_twoday_int;Today;en;SGP;twoday;International;quotidien;http://www.todayonline.com;http://www.todayonline.com/feed/world;23/04/2014;t;
875000;es_VEN_notici_une;Ultimas Noticias;es;VEN;notici;Une;quotidien;http://www.ultimasnoticias.com.ve/;http://www.ultimasnoticias.com.ve/CMSPages/RSS/Un/Actualidad.aspx;02/04/2014;t;
6743251;en_USA_USGEOS_gen;United States Geological Survey;en;USA;USGEOS;General;quotidien;http://www.usgs.gov/;http://earthquake.usgs.gov/earthquakes/feed/v1.0/summary/all_hour.atom;12/05/2015;t;
15983;en_USA_usatdy_une;USA Today;en;USA;usatdy;Une;quotidien;http://www.usatoday.com/;http://rssfeeds.usatoday.com/usatoday-newstopstories&x=1;20/12/2013;t;
1361885;en_USA_usatdy_int;USA Today;en;USA;usatdy;International;quotidien;http://www.usatoday.com/;http://rssfeeds.usatoday.com/usatodaycomworld-topstories&x=1;24/04/2014;t;
853280;pt_BRA_vejaxx_gen;veja;pt;BRA;vejaxx;General;hebdomadaire;http://veja.abril.com.br/;http://feeds.feedburner.com/noticiasveja;31/03/2014;t;
948911;en_VNM_netbri_int;Vietnamnet Bridge;en;VNM;netbri;International;pure-player;http://english.vietnamnet.vn/;http://english.vietnamnet.vn/rss/world-news.rss;09/04/2014;t;
948877;en_VNM_vnnews_gen;Vietnam News;en;VNM;vnnews;General;quotidien;http://vietnamnews.vn/;http://vietnamnews.feedsportal.com/c/35237/f/655031/index.rss;09/04/2014;t;
15986;en_USA_wapost_int;Washington Post;en;USA;wapost;International;quotidien;http://www.washingtonpost.com/;http://feeds.washingtonpost.com/rss/world;20/12/2013;t;
15988;en_USA_wapost_gen;Washington Post;en;USA;wapost;General;quotidien;http://www.washingtonpost.com/;http://feeds.washingtonpost.com/rss/homepage;20/12/2013;t;
11401070;pt_BRA_zeroho_uni;Zero Hora;pt;BRA;zeroho;Unique;quotidien;http://zerohora.clicrbs.com.br/rs/;http://zh.clicrbs.com.br/rs/noticias/ultimas-noticias-rss/;11/12/2015;t;
851954;pt_BRA_zeroho_gen;Zero Hora;pt;BRA;zeroho;General;quotidien;http://zerohora.clicrbs.com.br/rs/;http://br.zerohora.feedsportal.com/c/33341/f/566001/index.rss;31/03/2014;f;08/04/2015
851908;pt_BRA_zeroho_int;Zero Hora;pt;BRA;zeroho;International;quotidien;http://zerohora.clicrbs.com.br/rs/;http://br.zerohora.feedsportal.com/c/33341/f/616332/index.rss;31/03/2014;f;08/04/2015
